Sample name,Language name,Script name,Dialect (For Audio),Source,Sample size,Sample type,Download link
Malayalam-Image-001,Malayalam,News about spreading communal violence in the state of Uttar Pradesh,,http://www.mathrubhumi.com/news/india/kasganj-violence-shops-torched-internet-shut-down-1.2560323,655 kb,Image,https://drive.google.com/open?id=1vHXn0kmn1egZE_zIPBPtkq1lik8kY31V
Malayalam-Image-002,Malayalam,Medicinal values of a herb,,https://urmponline.wordpress.com/2015/09/26/07-mp-adhatoda/,734 kb,Image,https://drive.google.com/open?id=1m8FkmsxKzvO6Iu6diL81k-mhckM_gox1
Malayalam-Image-003,Malayalam,How to buy and sell stocks,,http://www.mathrubhumi.com/money/personal-finance/savings-centre/lesson-stock-market-malayalam-news-1.1506313,573 kb,Image,https://drive.google.com/open?id=12PHu3YspfS_xqEA2x18KNA3MdYXyN9s-
Malayalam-Image-004,Malayalam,About India's 100th satellite,,http://www.manoramaonline.com/news/latest-news/2018/01/11/countdown-begins-for-isro-s-100th-satellite-launch.html,390 kb,Image,https://drive.google.com/open?id=14OREX0OSRzp7tDPqTvVhX1xxQkZ26r81
Malayalam-Image-005,Malayalam,Physical Excercise tips,,http://malayalam.webdunia.com/article/health-beauty-in-malayalam/വ്യായാമംചെയ്യുമ്പോൾ-108120600059_1.htm,306 kb,Image,https://drive.google.com/open?id=1RMyU4u2sdOHEUrsJnRNFnH8dyussySyu
Malayalam-Audio-001,Malayalam,"General no trace of regional dialects, debate on TV about Gold smuggling",Normal,https://youtu.be/1TEsl6GjILM,471 kb,Audio,https://drive.google.com/open?id=17Mq2PdGynVzp--l72fJYtuOy_XeODDgh
Malayalam-Audio-002,Malayalam,About visa requirements,Normal,Nandakumar Gopalan,470 kb,Audio,https://drive.google.com/open?id=1K2JJBfqwF1ad-3iH6vZkUpg5cRmH5ijj
Malayalam-Audio-003,Malayalam,About a falcon that was rescued,Malabar dialect,Nandakumar Gopalan,783 kb,Audio,https://drive.google.com/open?id=1zda_yra8KrYXbjrTBM1FiZf56xjOAiA-
Malayalam-Audio-004,Malayalam,Speech about reading habit,"Prattling Kid, hard to understand",Nandakumar Gopalan,471 kb,Audio,https://drive.google.com/open?id=17oOkk56cWXpGq-62xd-DaY4B6YjBv1JG
Malayalam-Audio-005,Malayalam,Poem about guava tree,"Poetry by Kid, hard to understand",Nandakumar Gopalan,470 kb,Audio,https://drive.google.com/open?id=142MtntY1uwyx9opjy_f69wgPewf-HPbd
Tamil-Image-001,Tamil,Medicinal values of garlic,,http://owshadham.blogspot.in/2015/02/blog-post_54.html,317 kb,Image,https://drive.google.com/open?id=1DQlb7VCPNdz4Wd6RRIa9DsGTf-NqQ6HE
Tamil-Image-002,Tamil,Medicinal values of a herb,,http://owshadham.blogspot.in/2015/08/blog-post_50.html,372 kb,Image,https://drive.google.com/open?id=1fCh5t1tyWDCdmKnjMczlO5uB6LACnWhs
Tamil-Image-003,Tamil,About Airbus A380,,https://tamil.drivespark.com/off-beat/fun-facts-about-airbus-a380-plane-011459.html,305 kb,Image,https://drive.google.com/open?id=1xuCoW5ewGHyNMqTcf2zE5W5s7FcOHu94
Tamil-Image-004,Tamil,About stock market,,http://sharemakt.blogspot.in/p/blog-page_16.html,296 kb,Image,https://drive.google.com/open?id=1qQ3YG-mB2EjuGuKhIi-MX9LYdnGj8jpa
Tamil-Image-005,Tamil,About summer,,http://www.pasumaikudil.com/பயனுள்ள-தகவல்/கோடைகாலம்/,341 kb,Image,https://drive.google.com/open?id=16M4yvbZvWY1HvJK5jWLXj9UE6YnPDJ8x
Kannada-Image-001,Kannada,Medicinal values of a herb,,https://vijaykarnataka.indiatimes.com/lavalavk/health/article/goat-leaves/articleshow/52219886.cms,261 kb,Image,https://drive.google.com/open?id=11fng181zciL9hBqfwNs1sFYIRguHkylS
Kannada-Image-002,Kannada,About wooden toys,,http://www.prajavani.net/news/article/2017/11/15/533367.html,360 kb,Image,https://drive.google.com/open?id=17W4Ah58KYwyRpNDL2NkOM-aWwu0MrYmk
Kannada-Image-003,Kannada,Science Exhibition,,http://www.prajavani.net/news/article/2018/01/24/549545.html,362 kb,Image,https://drive.google.com/open?id=1GcKAVC0C7NZc2bubDMlKHFcVfau43qxI
Kannada-Image-004,Kannada,About Cricket,,http://www.prajavani.net/news/article/2018/01/28/550220.html,360 kb,Image,https://drive.google.com/open?id=1zvP-CGsoRz1ne8uybmjDGm_9WbNCL7ix
Kannada-Image-005,Kannada,Village culture,,https://vijaykarnataka.indiatimes.com/lavalavk/tourism/celebrity-travel/articleshow/62667152.cms,332 kb,Image,https://drive.google.com/open?id=1mCYHqonAAShPDnaZtUpIlJDK7AwNr4GN
Telugu-Image-001,Telugu,Medicinal values of a herb,,https://glosbe.com/te/te/అడ్డసరం,349 kb,Image,https://drive.google.com/open?id=1rKyxaC8QDhavqypQbn-xJxuPIX0PH6lP
Telugu-Image-002,Telugu,Medical courses,,https://telugu.oneindia.com/news/india/draft-bill-allows-ayurveda-homeopathy-switch-modern-medicine-after-bridge-course/articlecontent-pf163441-218993.html,388 kb,Image,https://drive.google.com/open?id=1ugBBdRAC5a7IfieHLrfZ3lxl_6X5gid2
Telugu-Image-003,Telugu,Skin dieseases,,http://www.prajasakti.com/Article/Deepika/1941582,271 kb,Image,https://drive.google.com/open?id=1VAm04U1QTxYmB86t-MMtWDHR0LyHjMWN
Telugu-Image-004,Telugu,Health tips - Immunity,,https://www.ntnews.com/health/best-immunity-boosting-foods-1-1-467191.html,334 kb,Image,https://drive.google.com/open?id=1I7TiX9qy1vwb6BQeBN4he-e5yNdPGSgH
Telugu-Image-005,Telugu,Cinema News - Gang,,https://www.ntnews.com/CinemaNews-in-Telugu/gang-movie-pre-release-event-2-2-477802.html,370 kb,Image,https://drive.google.com/open?id=1GqruxBkKVWLJ2l8CIFZdOPM_1-O4O7eE
Tamil-Audio-001,Tamil,Book Exhihibion,Srilankan Tamil,Nandakumar Gopalan,75 kb,Audio,https://drive.google.com/open?id=1-ROJPyi0RSjaDBBDbeO4TjQbl2pz8tXk
Tamil-Audio-002,Tamil,Fruits,Madurai Dialect,Nandakumar Gopalan,471 kb,Audio,https://drive.google.com/open?id=15gBAZje_CYQjeclQxE0GDP-Fx0UDta-N
Tamil-Audio-003,Tamil,Exotic fruits,Madurai Dialect,Nandakumar Gopalan,470 kb,Audio,https://drive.google.com/open?id=1TpC31GFKxFyb6T-C24k_YuT5G6kY4I0H
Tamil-Audio-004,Tamil,Plantains,Madurai Dialect,Nandakumar Gopalan,470 kb,Audio,https://drive.google.com/open?id=1Y4k4A5DabNWeLpjejl4hkC_yXmR7NYc9
Tamil-Audio-005,Tamil,Book Exhihibion,Srilankan Tamil,Nandakumar Gopalan,73 kb,Audio,https://drive.google.com/open?id=1hGRcs0SOgcKbASG6-OhpmMu697CG4ET9
Malayalam-Image-006,Malayalam,Cricket News,,http://www.mangalam.com/news/detail/187592-latest-news.html,156 kb,Image,https://drive.google.com/open?id=1VPd-uqkeRMYClC1jujGyNSe9bibD32_c
Malayalam-Image-007,Malayalam,Cinema News,,http://www.doolnews.com/rana-daggubati-kicks-off-his-journey-as-marthanda-varma.html,208 kb,Image,https://drive.google.com/open?id=1mVIEYpBnChZI0pwi-3KzpwLiGnXnNEzf
Malayalam-Image-008,Malayalam,Cinema News,,http://www.mathrubhumi.com/movies-music/news/pranav-mohanlal-in-himalayam-after-the-release-of-aadhi-movie-jeethu-joseph--1.2557797,200 kb,Image,https://drive.google.com/open?id=1h2ylD1e9HtXfPHZU0PAGVK9HadfetSOV
Malayalam-Image-009,Malayalam,Sports News,,http://www.mathrubhumi.com/sports/football/i-league-football-gokulam-fc-beats-shillong-lajong--1.2560713,225 kb,Image,https://drive.google.com/open?id=1exl5jGKwIrHZo1NzsThdCs-MV_rYftd1
Malayalam-Image-010,Malayalam,General News,,http://news.keralakaumudi.com/beta/news.php?NewsId=TkNSUDAxOTgzMDI=&xP=RExZ&xDT=MjAxOC0wMS0yMSAwMDowNTowMA==&xD=MQ==&cID=MTA=,220 kb,Image,https://drive.google.com/open?id=1fKh4qtwb9PxqjVw6Maj9RBoIPmmzoYec
Malayalam-Audio-006,Malayalam,Word Game,Speedy,Mazhavil Manorama TV reality show,471 kb,Audio,https://drive.google.com/open?id=1aQqGAAZNMN0ArQhski7yrc_ZjMXqj8RX
Malayalam-Audio-007,Malayalam,Word Game,Speedy,Mazhavil Manorama TV reality show,471 kb,Audio,https://drive.google.com/open?id=1HsWBQ99qf2SrCbUPzrVzTHBalAHAzxDS
Malayalam-Audio-008,Malayalam,Word Game,Speedy,Mazhavil Manorama TV reality show,470 kb,Audio,https://drive.google.com/open?id=1JBwd0nd1ULIqEm6CtSaQ6PZzpeoj1Yn8
Malayalam-Audio-009,Malayalam,Word Game,Speedy,Mazhavil Manorama TV reality show,470 kb,Audio,https://drive.google.com/open?id=1d2Sz1_IHwb1nRtx5Lq0ulBml15t_Hh2a
Malayalam-Audio-010,Malayalam,Word Game,Speedy,Mazhavil Manorama TV reality show,471 kb,Audio,https://drive.google.com/open?id=1wqYu4zYGOHonN7yJUnEG-LylpqpZeQcl
Odia-Image-001,Odia,News,,http://sambad.in/lifestyle/silajitbenefits-73951/,173 kb,Image,https://drive.google.com/open?id=1WbXEVI_I_OUTrRtqAmorcreCX-cYRtIJ
Odia-Image-002,Odia,Sports News,,http://sambad.in/sports/india-loss-in-final-against-belgium-73715/,289 kb,Image,https://drive.google.com/open?id=18IaKXyyziYTC6iQqeGGh74wRSQ5E_ZA_
Odia-Image-003,Odia,Cinema News,,http://sambad.in/entertainment/2-0releasedate-73933/,167 kb,Image,https://drive.google.com/open?id=11v6XFB4yOCNex4YLRVxslH9XJuJFWUMI
Odia-Image-004,Odia,News,,http://www.dharitri.com/,206 kb,Image,https://drive.google.com/open?id=1LdW_9ETlfeDP6qCh0SOM9czxJtNA_SMN
Odia-Image-005,Odia,News,,http://www.dharitri.com/main/news/19713,206 kb,Image,https://drive.google.com/open?id=1GtjaCbOpSmbrZTUyZ8kH1Nx14neSdM9Q
Hindi-Audio-001,Hindi,Agricultural,Normal,Nandakumar Gopalan,471 kb,Audio,https://drive.google.com/open?id=12dijGNeYLQFEf-GWiqYGlkBSmD_ik5Zz
Hindi-Audio-002,Hindi,Vegetable Planter Demo,Normal,Nandakumar Gopalan,471 kb,Audio,https://drive.google.com/open?id=1BxQ6ptbHGPj6-5__F6n1NGi68A2uBVNt
Hindi-Audio-003,Hindi,Vegetable Planter Demo,Normal,Nandakumar Gopalan,470 kb,Audio,https://drive.google.com/open?id=192w42F-1FAnynTsovXRsBeY4k35mi28I
Hindi-Audio-004,Hindi,Interview,Normal,Nandakumar Gopalan,471 kb,Audio,https://drive.google.com/open?id=1QEcRHO-nXBRHwAp9cDG7Hrnd2C2k5swW
Hindi-Audio-005,Hindi,Agriclulture,Normal,Nandakumar Gopalan,470 kb,Audio,https://drive.google.com/open?id=1zm7rQyZHduRi8ASKoJUNHktOkn9PMhCA
Hindi-Image-001,Hindi,News,,https://www.bhaskar.com/indian-national-news-in-hindi/news/NAT-NAN-HDLN-shopian-firing-fir-against-army-personnel-news-and-updates-5800691-NOR.html,181 kb,Image,https://drive.google.com/open?id=18zm-DhyzTQYoyNDtVbmpWF8I4bNAaPXp
Hindi-Image-002,Hindi,Herbs,,https://www.lifealth.com/hindi/nature-and-health/herbs/,193 kb,Image,https://drive.google.com/open?id=12j62fVws8EsaXt2RvLbq4zDL6gz7w94G
Hindi-Image-003,Hindi,Bitter foods,,https://www.lifealth.com/hindi/wellness/healthy-living/bitter-foods-you-must-try-for-better-health-rs/59924/,253 kb,Image,https://drive.google.com/open?id=189a5Ei81dwNXLe0LvYwMdqQjU56sI1HY
Hindi-Image-004,Hindi,Dental,,https://www.lifealth.com/hindi/nature-and-health/home-and-natural-remedies/,156 kb,Image,https://drive.google.com/open?id=1HVW7Ynb30z0Y0V9BY7LtU1mbLRoyykdg
Hindi-Image-005,Hindi,Natural remedy,,https://www.lifealth.com/hindi/nature-and-health/home-and-natural-remedies/effective-home-remedies-to-get-rid-of-lip-pimple-asr/60002/,201 kb,Image,https://drive.google.com/open?id=1y2w6Q-Nxhve9itTp-SHTNAA26DDW3q4n
Tamil-Audio-006,Tamil,Banana,Madurai dialect,Nandakumar Gopalan,471 kb,Audio,https://drive.google.com/open?id=1m9iijmilU5OhAgDkhkTqBvhduL8smJ8A
Tamil-Audio-007,Tamil,Plantains,Madurai dialect,Nandakumar Gopalan,470 kb,Audio,https://drive.google.com/open?id=1cHT_p8r2zy_yWakvtWq1GVBJ0UE_FEPU
Tamil-Audio-008,Tamil,Bus fare hike - News,Normal,Nandakumar Gopalan,491 kb,Audio,https://drive.google.com/open?id=1Y0qCDoT9mzgbWKKbf0PXyA0qqNxHV0aJ
Tamil-Audio-009,Tamil,Teenagers conversation,Chennai dialect,Nandakumar Gopalan,73 kb,Audio,https://drive.google.com/open?id=1G9Lukx7G5D6Vz9bVb8UVwaLCTTtpycD4
Tamil-Audio-010,Tamil,Rajinikanth Speech,Normal,Nandakumar Gopalan,470 kb,Audio,https://drive.google.com/open?id=1mF_VwLZhQxqn9USu7Bw8n7bf59a64qcM
Gujarati-Image-001,Gujarati,News,,https://money.divyabhaskar.co.in/news/BIZ-ECN-POLI-ECNM-budget-session-starts-with-economic-survey-from-today-5800668-PHO.html?ref=ht,218 kb,Image,https://drive.google.com/open?id=1hG5Chw4GPhlZskvCABONOnD2xV_nk2JC
Gujarati-Image-002,Gujarati,News,,https://money.divyabhaskar.co.in/news/BIZ-GUJR-ECNM-activities-in-surat-and-mumbai-diamond-business-get-affected-over-gst-query-5792868-PHO.html,241 kb,Image,https://drive.google.com/open?id=1N2pw6lpo9zrlRlQ97-OMeerGSy8nLDpC
Gujarati-Image-003,Gujarati,Wikipedia Homepage,,Wikipedia,161 kb,Image,https://drive.google.com/open?id=12r50X8J1Bb4e91WgW4CLXDKoXzeYQKna
Gujarati-Image-004,Gujarati,General article,,https://sorathnirasdhar.blogspot.in/,244 kb,Image,https://drive.google.com/open?id=1qfliqmf_YOFeCPQ3bOd-_ki_Rs4faE-1
Gujarati-Image-005,Gujarati,Poem,,http://www.readgujarati.com/2015/09/22/poetry-by-devika-dhruva/,176 kb,Image,https://drive.google.com/open?id=1CtaPlPjbZGLdIxVt-6U-ErCJDq-MqgNB
Bengali-Image-001,Bengali,News,,http://www.anandabazar.com/editorial/trouble-in-nda-paradise-bjp-should-find-out-the-reasons-dgtl-1.747355?ref=hm-new-stry,203 kb,Image,https://drive.google.com/open?id=1GhfaDFyeP--QNs4vJYFYkB51rCuuyhvH
Bengali-Image-002,Bengali,News,,http://www.anandabazar.com/calcutta/arpita-chatterjee-s-mother-don-t-believe-her-daughter-suicide-case-1.747427?ref=calcutta-new-stry,192 kb,Image,https://drive.google.com/open?id=1v-rHlMiUdp4WxJuTPlTRNR8W-QfvRLgV
Bengali-Image-003,Bengali,News,,http://www.anandabazar.com/entertainment/sushmita-sen-wants-to-comeback-in-bollywood-but-in-one-condition-dgtl-1.747710?ref=strydtl-calcutta-topnav,189 kb,Image,https://drive.google.com/open?id=1usylu9M_fw51gnWJw_JtQwOJumvp97tn
Bengali-Image-004,Bengali,News,,http://www.anandabazar.com/lifestyle/what-is-the-best-time-to-take-shower-dgtl-1.746662?ref=strydtl-entertainment-topnav,225 kb,Image,https://drive.google.com/open?id=1Y7gHXDRDpSVmlATBIIXfzH9FwC-4cZmt
Bengali-Image-005,Bengali,News,,http://www.anandabazar.com/editorial/society-and-family-have-to-listen-the-girls-1.747304?ref=strydtl-lifestyle-topnav,232 kb,Image,https://drive.google.com/open?id=1aMK565Y_e0pd-yc42-7C6cuD92p23xCO
Assamese-Image-001,Assamese,News paper,,http://asomiyapratidin.in/,312 kb,Image,https://drive.google.com/open?id=1vD6YVAMur7HsTbTGPoo2CsI06pQU-DPV
Assamese-Image-002,Assamese,News paper,,http://www.niyomiyabarta.org/,206 kb,Image,https://drive.google.com/open?id=1IEoBOXY91L20mvnL-FNyQ8717i5n4_9O
Assamese-Image-003,Assamese,News paper,,http://www.niyomiyabarta.org/,212 kb,Image,https://drive.google.com/open?id=1tO5SJoGqr_cJpVUBYt4Ajlbt6_PaWVEd
Assamese-Image-004,Assamese,News paper,,http://sadin.co.in/index.php?date=26-01-2018&page=3&year=2018&month=january&edition=4,241 kb,Image,https://drive.google.com/open?id=1NMQhMDYHgPGlIs1Rakk27ieRtWPUaAOe
Assamese-Image-005,Assamese,News paper,,http://www.aroonudaisangbad.com/,230 kb,Image,https://drive.google.com/open?id=1TETxswcUnNvOM_qaLegAcae6BHmoO-Fq
Marathi-Image-001,Marathi,News paper,,Free image from Wikicommons,225 kb,Image,https://drive.google.com/open?id=1j689fELFa1n71qypgYN5bA7ReEf3ApIt
Marathi-Image-002,Marathi,News paper,,http://www.lokmat.com/nagpur/three-thousand-e-rickshaws-run-nagpur-registration-only-500/,230 kb,Image,https://drive.google.com/open?id=1n8oInA2kLYBjOBkoDhYSpXOaotiDJGsW
Marathi-Image-003,Marathi,News paper,,http://cnxmasti.lokmat.com/bollywood/news/zeenat-aman-files-a-case-against-a-businessman-for-stalking-and-molesting-her/28844?utm_source=Lokmat.com&utm_medium=referral,137 kb,Image,https://drive.google.com/open?id=15pj6Co2ejYGMclAsd7FyCSqHIgi-PAj4
Marathi-Image-004,Marathi,News paper,,http://www.lokmat.com/sports/,219 kb,Image,https://drive.google.com/open?id=11cu9TDx5-2J1x7BBnvDx_sCYrCnbDb53
Marathi-Image-005,Marathi,News paper,,http://www.lokmat.com/mumbai/houses-should-be-served-realistic-city-researchers-opinion/,299 kb,Image,https://drive.google.com/open?id=1pKVSMzcdnVIT4KvtjeHUnpcrxvjLVWl6
Punjabi-Image-001,Punjabi,News paper,,Free image from Wikicommons,206 kb,Image,https://drive.google.com/open?id=1BzuSBUSEnrWUJl7de8l7MJNutL3SO0hW
Punjabi-Image-002,Punjabi,News paper,,http://jagbani.punjabkesari.in/punjab/news/sri-guru-ravidas-ji-birthday-827791,345 kb,Image,https://drive.google.com/open?id=1q49vMgMMEXo5Ayw3fF4fmS2mSsiGJwZ1
Punjabi-Image-003,Punjabi,News paper,,https://beta.ajitjalandhar.com/news/2076615.cms#sthash.vn4zRiBq.dpbs,294 kb,Image,https://drive.google.com/open?id=1C8hQl16dqHPGmlhp376cmZ4juRqAhT4g
Punjabi-Image-004,Punjabi,News paper,,https://beta.ajitjalandhar.com/edition/20180130/8.cms#sthash.BRiez76A.dpbs,219 kb,Image,https://drive.google.com/open?id=1rEl3EjJpL-7_v33BUMlBHzkgfzSpRiyR
Punjabi-Image-0015,Punjabi,Consonants,,https://www.omniglot.com/writing/punjabi.htm,189 kb,Image,https://drive.google.com/open?id=1gjImc-ODe_g3VtpnKe1kvq-yeWtXLtxI
Tamil-Audio-011,Tamil,Rajinikanth,Normal,Nandakumar Gopalan,471 kb,Audio,https://drive.google.com/open?id=1UtgduSnhMS9F_WpkNyEIprW7GIHGGvit
Tamil-Audio-012,Tamil,Rajinikanth,Normal,Nandakumar Gopalan,470 kb,Audio,https://drive.google.com/open?id=1HAI7cDgUNp3ZWKyOjUAaSDvC1cbNMa4R
Tamil-Audio-013,Tamil,Rajinikanth,Normal,Nandakumar Gopalan,470 kb,Audio,https://drive.google.com/open?id=15GjXPCwaRWYw7EwRUW5pK8qkOQr-MUjv
Tamil-Audio-014,Tamil,Chennai dialect,Chennai,Nandakumar Gopalan,471 kb,Audio,https://drive.google.com/open?id=15YJf2KGb2xEsUPE6oF4TFvJsilmTXL-d
Tamil-Audio-015,Tamil,Chennai dialect,Chennai,Nandakumar Gopalan,471 kb,Audio,https://drive.google.com/open?id=1GwQScVQHBVZJT87fPTiwp4BGhQZ9362q
Tamil-Audio-016,Tamil,Chennai dialect,Chennai,Nandakumar Gopalan,471 kb,Audio,https://drive.google.com/open?id=1oXAobocw8EcZUh-qex1IBeMZ9wFIxGRW
Tamil-Audio-017,Tamil,Chennai dialect,Chennai,Nandakumar Gopalan,471 kb,Audio,https://drive.google.com/open?id=1AjCDdd8a2D3cImNL3KLGXMLWu2kXcAPw
Tamil-Audio-018,Tamil,Chennai dialect,Chennai,Nandakumar Gopalan,471 kb,Audio,https://drive.google.com/open?id=1rWiO8bvMYqOhMZm89DNTaOcQwCBrfILN
Tamil-Audio-019,Tamil,Weather prediction,Southern Tamilnadu,Nandakumar Gopalan,75 kb,Audio,https://drive.google.com/open?id=1k4yseRdekVL97O6mX7S9hIThb1W4G5gI
Tamil-Audio-020,Tamil,Weather prediction,Southern Tamilnadu,Nandakumar Gopalan,71 kb,Audio,https://drive.google.com/open?id=1T5sGRTUTtVoMbeVi8Lb1LzK363HdIN_N
Urdu-Image-001,Urdu,News paper,,http://www.akhbarurdu.com/sahafat_delhi/sahafat_delhi_01_b.html,245 kb,Image,https://drive.google.com/open?id=18OGfKsyc4IcXW0LWcfZ05orTNhuOFvGd
Urdu-Image-002,Urdu,News paper,,http://www.akhbarurdu.com/siasat/index.html,293 kb,Image,https://drive.google.com/open?id=1uzOAx8U6_8C9WOQMm5Dz1z05lZiVJfkg
Urdu-Image-003,Urdu,News paper,,http://www.akhbarurdu.com/rabta_times/index.html,241 kb,Image,https://drive.google.com/open?id=1McnHiutO4V3b2vb3ARXDxNVdVKmVOzPN
Urdu-Image-004,Urdu,Urdu Wikipedia,,Urdu Wikipedia,256 kb,Image,https://drive.google.com/open?id=10XlTactCvSuS2PXl8GqAkAU9UEaJK7Vy
Urdu-Image-005,Urdu,"Oxygen, Ur Wikipedia",,Urdu Wikipedia,193 kb,Image,https://drive.google.com/open?id=1ZW7lvUpvVaVBTenXX-cRUPsT7iITp2GG
Malayalam-Audio-011,Malayalam,Agricultural,Colloquial,Nandakumar Gopalan,71 kb,Audio,https://drive.google.com/open?id=1r644rpIhwkpM2YRJtoqz2ot2KvRahTld
Malayalam-Audio-012,Malayalam,About social media,Normal,Nandakumar Gopalan,470 kb,Audio,https://drive.google.com/open?id=1dLZeLJaguFRBxFNSiTYWeLYzc00z9z9W
Malayalam-Audio-013,Malayalam,About social media,Normal,Nandakumar Gopalan,470 kb,Audio,https://drive.google.com/open?id=1c3kpgS8wyuNPLIVMlId71c7N_Xpwxmx9
Malayalam-Audio-014,Malayalam,About social media,Normal,Nandakumar Gopalan,470 kb,Audio,https://drive.google.com/open?id=1E7zmqAFB1MHTxvPD3yGjH2YXK0CMOisK
Malayalam-Audio-015,Malayalam,About social media,Normal,Nandakumar Gopalan,470 kb,Audio,https://drive.google.com/open?id=1N7cNkiaIkVCFxH7fU6YYxJof0rmJqRjl
Hindi-Audio-006,Hindi,Text book content,Keralite reading Hindi,Nandakumar Gopalan,470 kb,Audio,https://drive.google.com/open?id=1e3ZM-K8Wpxqgz6Kx4KTd9mtjdEfSyyeG
Hindi-Audio-007,Hindi,Text book content,Keralite reading Hindi,Nandakumar Gopalan,470 kb,Audio,https://drive.google.com/open?id=1pCm4RE8pkUUAhdwkuT8VUtC7-6NaYKdb
Hindi-Audio-008,Hindi,Text book content,Keralite reading Hindi,Nandakumar Gopalan,470 kb,Audio,https://drive.google.com/open?id=1cBx-S4QpNrfYi7f2pMdSKM6Q2IgfTQj-
Hindi-Audio-009,Hindi,Text book content,Keralite reading Hindi,Nandakumar Gopalan,470 kb,Audio,https://drive.google.com/open?id=10jcmVuPmCO3N75VI7HEbT5HSj3AWNWPX
Hindi-Audio-010,Hindi,Text book content,Keralite reading Hindi,Nandakumar Gopalan,470 kb,Audio,https://drive.google.com/open?id=1xS74LQm8zuU-qYGC5JvlJ2th1V2ODQH9
Tamil-Image-006,Tamil,Tamil,,https://www.vikatan.com/news/spirituality/114945-lunar-eclipse-dos-and-donts.html,245 kb,Image,https://drive.google.com/open?id=1V69BVIYwE2unQIyqOV5EwijGTfDCo2EQ
Tamil-Image-007,Tamil,Stock Market,,https://www.vikatan.com/news/india/114979-stock-market-you-must-watch-today-31012018.html,246 kb,Image,https://drive.google.com/open?id=1jNRfj4q0gAn3D3ps0F_rBk5WPKWuhrLa
Tamil-Image-008,Tamil,Cinema,,https://cinema.vikatan.com/tamil-cinema/interview/114908-vj-nakshathra-talks-about-her-media-career.html,246 kb,Image,https://drive.google.com/open?id=1tXDVWF1w5dnc4eH9chErZfKO2V11vrbD
Tamil-Image-009,Tamil,Cinema,,https://cinema.vikatan.com/tamil-cinema/114900-peranbu-movie-screening-in-international-film-festival-rotterdam.html,276 kb,Image,https://drive.google.com/open?id=1VZ9UHft8GL__jdQ1V4fbFtIsMijcRMFU
Tamil-Image-010,Tamil,Motor,,vikatan.com,224 kb,Image,https://drive.google.com/open?id=1kZ4QlIqggyKcsCXWC-Mo-aSRpMnk7Kop
Malayalam-Image-011,Malayalam,General News,,Future Kerala,290 kb,Image,https://drive.google.com/open?id=1LIFv6Rzml4Ek2qe0M5yKx0WtBx9tQeBk
Malayalam-Image-012,Malayalam,General News,,Future Kerala,278 kb,Image,https://drive.google.com/open?id=1qApnLB2_6-ibusq26a6q8c9k7EcOXT32
Malayalam-Image-013,Malayalam,General News,,Future Kerala,237 kb,Image,https://drive.google.com/open?id=1yTlgITVR3Hvt-NEbK9jTawrvv699JNwn
Malayalam-Image-014,Malayalam,General News,,Future Kerala,316 kb,Image,https://drive.google.com/open?id=1hwtJntYFuhX88d-5hhMtR-Uicb45Fk58
Malayalam-Image-015,Malayalam,General News,,Future Kerala,217 kb,Image,https://drive.google.com/open?id=10noT1XQ-lJ6R4MLP4bbNSJsM5KHpuS8m
Malayalam-Image-016,Malayalam,General News,,Future Kerala,287 kb,Image,https://drive.google.com/open?id=1tP6OG0mfp2A0PELG8MRx6y3LRIGzayys
Malayalam-Image-017,Malayalam,General News,,Future Kerala,189 kb,Image,https://drive.google.com/open?id=14SQgGzVKWUAEVSu2JfKX55kP0TIX41_8
Malayalam-Image-018,Malayalam,General News,,Future Kerala,281 kb,Image,https://drive.google.com/open?id=1SN0VAcSmw6t5paUnrW-kIYUHxDG8cbtQ
Malayalam-Image-019,Malayalam,General News,,Future Kerala,238 kb,Image,https://drive.google.com/open?id=1wGHE40laZPAGxIRXvWwRdTaywJHBOtxu
Malayalam-Image-020,Malayalam,General News,,Future Kerala,278 kb,Image,https://drive.google.com/open?id=1U-sEF8PCqEX433-CeyVR_8dTPjIKia3U
Tamil-Image-011,Tamil,Automobile,,https://www.polimernews.com/நச்சுப்புகை-பாதிப்புகளை/,220 kb,Image,https://drive.google.com/open?id=1HSBTE-NF4zkyXGyxajbnIyo5Ou9hKhYB
Tamil-Image-012,Tamil,Cinema,,https://www.polimernews.com/,202 kb,Image,https://drive.google.com/open?id=1nYA0VM5EyWiQzogZv5JNJurC6ZrwVzYR
Tamil-Image-013,Tamil,News,,http://www.maalaimalar.com/News/World/2018/01/31094314/1143151/CIA-chief-says-Russia-will-try-to-intervene-in-the.vpf,227 kb,Image,https://drive.google.com/open?id=1z4FVhh4VQMik2Zub-nraLdNGEzAX8cUk
Tamil-Image-014,Tamil,Health News,,http://www.maalaimalar.com/Health,224 kb,Image,https://drive.google.com/open?id=1HSQSq-8QOE7yqF2jUgWpH8RiOZtloozi
Tamil-Image-015,Tamil,Automobile,,http://www.maalaimalar.com/Automobile/AutomobileNews,214 kb,Image,https://drive.google.com/open?id=1mZXhq6a9s6sSy-cGvUihdvFjwxRIVgYg
Punjabi-Image-006,Punjabi,Blog,,https://parchanve.wordpress.com/,287 kb,Image,https://drive.google.com/open?id=1dNn3LEkclrRZ2FUuyWVdNfhWTUxySYX0
Punjabi-Image-007,Punjabi,Blog,,http://punjab-screen.blogspot.in/,392 kb,Image,https://drive.google.com/open?id=14NB9tq0cPuRNSdKG-WmusvOKH2GQPv-n
Punjabi-Image-008,Punjabi,Blog,,http://punjab-screen.blogspot.in/,252 kb,Image,https://drive.google.com/open?id=1_0JeBREFkteKSdc0lwI50XVHm6F4KLXf
Punjabi-Image-009,Punjabi,Wikipedia,,Wikipedia,230 kb,Image,https://drive.google.com/open?id=1HNH-Uy8n6zbVXDteOdNIGUOMJ7aAhmB4
Punjabi-Image-010,Punjabi,Wikipedia,,Wikipedia,231 kb,Image,https://drive.google.com/open?id=1kT68iQ-30E9Y_OwCNjvACDiI47Q276Fj
Bengali-Image-006,Bengali,Herbs,,https://banglalive.com/5-natural-remedies-to-help-reduce-feelings-of-stress-and-anxiety/,249 kb,Image,https://drive.google.com/open?id=1dKeafHSg95JAQOhGbW7b8i8Fq-WYW8gO
Bengali-Image-007,Bengali,Goosberry,,https://banglalive.com/health-benefits-of-amla-juice/,253 kb,Image,https://drive.google.com/open?id=1Tp7kleO9ugTCvhOWC_Z3dTjF5vlkRwor
Bengali-Image-008,Bengali,Cinema,,https://banglalive.com/rani-mukerji-had-to-cancel-shoot-due-to-back-pain/,294 kb,Image,https://drive.google.com/open?id=12Z3b6210FwR4UiT3I_vzXwaQVNFODD5T
Bengali-Image-009,Bengali,News Climate,,https://banglalive.com/would-sunderbans-be-drowned-because-of-global-warming/,297 kb,Image,https://drive.google.com/open?id=1L90xSX8J7UD9lC_hpQeEvIoD9FduGjwS
Bengali-Image-010,Bengali,News full moon,,https://banglalive.com/the-eclipsed-full-moon-will-be-a-blue-moon/,193 kb,Image,https://drive.google.com/open?id=1wnTSDQRho7JR7Tm3VQyAHdh74Cu5smVd
Assamese-Image-006,Assamese,Wikipedia,, Assamese Wikipedia,303 kb,Image,https://drive.google.com/open?id=1HaimHenv9zIDHJduKlyy8zb9UrpUEXRV
Assamese-Image-007,Assamese,Wikipedia,,Assamese Wikipedia,316 kb,Image,https://drive.google.com/open?id=1C9ZFDyxs11rJHeBqjtCJEqXtQLl0m4sF
Assamese-Image-008,Assamese,Wikipedia,,Assamese Wikipedia,279 kb,Image,https://drive.google.com/open?id=1wOiFgLN8_O4NnJ6B-lcPB2qZqRCknnUm
Assamese-Image-009,Assamese,Wikipedia,,Assamese Wikipedia,301 kb,Image,https://drive.google.com/open?id=1q8xwUhoR7E-ChWYspzxfW82IH_q2Z6Pz
Assamese-Image-010,Assamese,Wikipedia,,Assamese Wikipedia,198 kb,Image,https://drive.google.com/open?id=1Xb0jRO-eBmyVbGl33OeDuX5M6GdqNXeY
Marathi-Audio-001,Marathi,News,Formal,DD Marathi,470 kb,Audio,https://drive.google.com/open?id=14xRILIQqK8uI1czkEc8slnH0tmanlWct
Marathi-Audio-002,Marathi,News,Formal,DD Marathi,470 kb,Audio,https://drive.google.com/open?id=1v7wPlP14d3H-IcRDV3oY-q1kce7t961k
Marathi-Audio-003,Marathi,News,Formal,DD Marathi,470 kb,Audio,https://drive.google.com/open?id=1Xon7ZXcCAmiMHvfChJbxxfG-aV0uvhda
Marathi-Audio-004,Marathi,News,Formal,DD Marathi,470 kb,Audio,https://drive.google.com/open?id=1Uletvg2w3MVnZ5nGoOavDlv9aU4itpIp
Marathi-Audio-005,Marathi,News,Formal,DD Marathi,470 kb,Audio,https://drive.google.com/open?id=1TNXcToUI9ih5DwkN6E4vMlS-95Bs7Woh
Odia-Image-006,Odia,Recipe,,http://www.odiatastykhana.in/,176 kb,Image,https://drive.google.com/open?id=1xYTottNViRa058yITYDABGGJssdqiCRj
Odia-Image-007,Odia,Sign board at railway station,,Wikipedia,203 kb,Image,https://drive.google.com/open?id=1BySO_fvLjF8KQNEVUv0qyI0oN7irHi_K
Odia-Image-008,Odia,Article on leopard,,Wikipedia,265 kb,Image,https://drive.google.com/open?id=1c48L52ShZcKOSz9-oP3yinxbt3fbCjJH
Odia-Image-009,Odia,Index,,Wikipedia,191 kb,Image,https://drive.google.com/open?id=1ifCIjW578APJWGKJs-t1dKmMsyX_7rUS
Odia-Image-010,Odia,Index,,Wikipedia,195 kb,Image,https://drive.google.com/open?id=1Esg8GGxbbhDSriR4zWE1MzI07X94J4Sw
Malayalam-Audio-016,Malayalam,Agricultural,Normal,Nandakumar Gopalan,73 kb,Audio,https://drive.google.com/open?id=1yuwruC0dnpbtl7oip0GZ8YVTPgwr6FKC
Malayalam-Audio-017,Malayalam,Agricultural,Normal,Nandakumar Gopalan,72 kb,Audio,https://drive.google.com/open?id=1FzyMLuzzarFPV4KP3IROUlQvsp-CiICE
Malayalam-Audio-018,Malayalam,Agricultural,Normal,Nandakumar Gopalan,72 kb,Audio,https://drive.google.com/open?id=11fLLGcFNHWi-VJcXhNzrRYjbKyX78ivp
Malayalam-Audio-019,Malayalam,Agricultural,Normal,Nandakumar Gopalan,71 kb,Audio,https://drive.google.com/open?id=1KvgxfQMI7W-ZGFigSHosuUmPewY17tov
Malayalam-Audio-020,Malayalam,Actress Meera Jasmine,Normal,Asianet News,470 kb,Audio,https://drive.google.com/open?id=1kg2uwK9MvpjUeqbW4yuGlG8Io_m9htdR
Tamil-Audio-021,Tamil,Rehabilitation,Tamil-Audio-021,PuthiyaThalaimurai TV,471 kb,Audio,https://drive.google.com/open?id=1a9SI5i2MmbP9DiaTKarMjV2C8UnKCHr3
Tamil-Audio-022,Tamil,Rehabilitation,Tamil-Audio-021,PuthiyaThalaimurai TV,578 kb,Audio,https://drive.google.com/open?id=1dOhw_gUkxbX4fGS0by7pIriZmuOr6lOl
Tamil-Audio-023,Tamil,Rehabilitation,Tamil-Audio-021,PuthiyaThalaimurai TV,471 kb,Audio,https://drive.google.com/open?id=1C_nT3QU_MCQ168Gt7oTdHhj6HZXztZ85
Tamil-Audio-024,Tamil,Elections,Tamil-Audio-021,Thanthi TV,470 kb,Audio,https://drive.google.com/open?id=12_s1kigseZvDHf4OnkztKWahBrHJWQmv
Tamil-Audio-025,Tamil,Elections,Tamil-Audio-021,Thanthi TV,470 kb,Audio,https://drive.google.com/open?id=1HgvwP6I_qHMQTAx4mx3D_TMlcCPzBy18
Assamese-Audio-001,Assamese,Teaching English in Assamese medium School,Formal,https://youtu.be/3-k6FpcrvJg,471 kb,Audio,https://drive.google.com/open?id=1I2fgJ2nKVIx0njIgi7vDNr5eGf7JwmNI
Assamese-Audio-002,Assamese,Teaching English in Assamese medium School,Formal,"Dr. Arupjyoti Choudhury, Dean (Academic), I/C Multimedia (KKHSOU)",470 kb,Audio,https://drive.google.com/open?id=1-VPZ7r8AMDr77Bdga_LxqOXt6YMVeRVQ
Assamese-Audio-003,Assamese,Teaching English in Assamese medium School,Formal,"Dr. Arupjyoti Choudhury, Dean (Academic), I/C Multimedia (KKHSOU)",471 kb,Audio,https://drive.google.com/open?id=1N5FWuT0W7P0zmzWl25Naa-xD5y9QHu4-
Assamese-Audio-004,Assamese,Teaching English in Assamese medium School,Formal,"Dr. Arupjyoti Choudhury, Dean (Academic), I/C Multimedia (KKHSOU)",470 kb,Audio,https://drive.google.com/open?id=1wwlK5hLgaWJ0awv1h9s12-98Ld0cFCDk
Assamese-Audio-005,Assamese,Teaching English in Assamese medium School,Formal,"Dr. Arupjyoti Choudhury, Dean (Academic), I/C Multimedia (KKHSOU)",470 kb,Audio,https://drive.google.com/open?id=1UKoG35aY2OMxBJsFz41egS0FFmyRfuF2
Assamese-Audio-006,Assamese,Teaching English in Assamese medium School,Formal,"Dr. Arupjyoti Choudhury, Dean (Academic), I/C Multimedia (KKHSOU)",470 kb,Audio,https://drive.google.com/open?id=1bBeW5IefzAlZEmn6_62Io91rIbVDBdmw
Assamese-Audio-007,Assamese,Teaching English in Assamese medium School,Formal,"Dr. Arupjyoti Choudhury, Dean (Academic), I/C Multimedia (KKHSOU)",470 kb,Audio,https://drive.google.com/open?id=1sbvl_LNpztvDyCygw4C9IPFg4R98P-BM
Assamese-Audio-008,Assamese,Teaching English in Assamese medium School,Formal,"Dr. Arupjyoti Choudhury, Dean (Academic), I/C Multimedia (KKHSOU)",470 kb,Audio,https://drive.google.com/open?id=1ftaaxpa7KHm5oi_BqhuotCAzJifdN5Wn
Assamese-Audio-009,Assamese,Teaching English in Assamese medium School,Formal,"Dr. Arupjyoti Choudhury, Dean (Academic), I/C Multimedia (KKHSOU)",470 kb,Audio,https://drive.google.com/open?id=1I2hcelqR22v7zayEXig7xAQKZfNddkqt
Assamese-Audio-010,Assamese,Teaching English in Assamese medium School,Formal,"Dr. Arupjyoti Choudhury, Dean (Academic), I/C Multimedia (KKHSOU)",470 kb,Audio,https://drive.google.com/open?id=180BWjbFnCk2dEQQfedPy-wYGiQJ1wKo-
Bengali-Audio-001,Bengali,Interview Tips in Bengali by Bong Motivation,Formal,https://youtu.be/XZq6CgjJSMY,471 kb,Audio,https://drive.google.com/open?id=1V68Xh_VdQEIaqNCOelCGYWA3GFz6Mhbd
Bengali-Audio-002,Bengali,Interview Tips in Bengali by Bong Motivation,Formal,https://youtu.be/XZq6CgjJSMY,471 kb,Audio,https://drive.google.com/open?id=1bLXWREH0WEonViUgLb3W1ukxdssypNJf
Bengali-Audio-003,Bengali,Interview Tips in Bengali by Bong Motivation,Formal,https://youtu.be/XZq6CgjJSMY,471 kb,Audio,https://drive.google.com/open?id=1mLR4ggET8dPOavsI8l-9SGDZ-xQxZ7zZ
Bengali-Audio-004,Bengali,Interview Tips in Bengali by Bong Motivation,Formal,https://youtu.be/XZq6CgjJSMY,470 kb,Audio,https://drive.google.com/open?id=1RFI0nLgT0aQ7Z4aCCMala26uJlPrzUd7
Bengali-Audio-005,Bengali,Interview Tips in Bengali by Bong Motivation,Formal,https://youtu.be/XZq6CgjJSMY,471 kb,Audio,https://drive.google.com/open?id=1rX4yIrKtlo9OMMN9vDxC8IZMmA8EzjWA
Bengali-Audio-006,Bengali,General News,Formal,DD Bengali,470 kb,Audio,https://drive.google.com/open?id=1XU9UPzZ0pkJRQBDwko8ho9bnOYmL99fU
Bengali-Audio-007,Bengali,General News,Formal,DD Bengali,470 kb,Audio,https://drive.google.com/open?id=1k5fzHgzI8gqB_n9gGe7LkW2kdf1OmMoC
Bengali-Audio-008,Bengali,General News,Formal,DD Bengali,471 kb,Audio,https://drive.google.com/open?id=1x781ZiEsT319Mxvzk_cNm9Jrlfn8rSad
Bengali-Audio-009,Bengali,General News,Formal,DD Bengali,470 kb,Audio,https://drive.google.com/open?id=1HzAHTMNxTG5csvKvpPZD03RK-QoLZFZu
Bengali-Audio-010,Bengali,General News,Formal,DD Bengali,470 kb,Audio,https://drive.google.com/open?id=10FzgvEkgCgRk87Uafu3d36Bo7fSxkDay
Gujarati-Audio-001,Gujarati,News,Formal,DD Gujarati,565 kb,Audio,https://drive.google.com/open?id=104ASgDPyOgnIue_tUfJ60bMFWCDHRx2E
Gujarati-Audio-002,Gujarati,News,Formal,DD Gujarati,700 kb,Audio,https://drive.google.com/open?id=10Od1hyZ4DKUVXjYuQ6Uwsm-TKA3i-Z9K
Gujarati-Audio-003,Gujarati,News,Formal,DD Gujarati,511 kb,Audio,https://drive.google.com/open?id=138McK2gVAEphQRmMVizMa237Y_-AEtlU
Gujarati-Audio-004,Gujarati,News,Formal,DD Gujarati,679 kb,Audio,https://drive.google.com/open?id=14P0F3xfsAi0a6ZLMzxCrtHV-dZmVxgFo
Gujarati-Audio-005,Gujarati,News,Formal,Tv9 Gujarati,470 kb,Audio,https://drive.google.com/open?id=1qamkJJP4PQWrZh-_FkyKl22507oopIL9
Gujarati-Audio-006,Gujarati,News,Formal,Tv9 Gujarati,471 kb,Audio,https://drive.google.com/open?id=1cwpnNScEHbX5WyYlLn9T1veF-aYQed5c
Gujarati-Audio-007,Gujarati,News,Formal,Tv9 Gujarati,470 kb,Audio,https://drive.google.com/open?id=14Vu5fOOlgVfZztqRnC6rF5_Wh3MFa3Sf
Gujarati-Audio-008,Gujarati,News,Formal,Tv9 Gujarati,470 kb,Audio,https://drive.google.com/open?id=1ZluoyU4VSTJbJzIu7nl6O_1yNMpDo0xu
Gujarati-Audio-009,Gujarati,News,Formal,Tv9 Gujarati,470 kb,Audio,https://drive.google.com/open?id=1hbPQWcKikWr1zciWflI6Ktsxdy8QIi5_
Gujarati-Audio-010,Gujarati,News,Formal,Tv9 Gujarati,470 kb,Audio,https://drive.google.com/open?id=1tR2bDWj7hRtDRE0II4ae5PtINRm_E3AO
Gujarati-Image-006,Gujarati,News,,https://www.divyabhaskar.co.in/news/MGUJ-PAN-OMC-LCL-yakub-important-role-in-stoned-on-the-train-after-chain-pulling-gujarati-news-5803089-NOR.html,174 kb,Image,https://drive.google.com/open?id=1OPsoCrytOwmjW6aP2vKg2HoBNz6BHPjd
Gujarati-Image-007,Gujarati,News,,https://www.divyabhaskar.co.in/,145 kb,Image,https://drive.google.com/open?id=1IOAu9E2z1lOAXFBxl9zoBML4q2_mdcFH
Gujarati-Image-008,Gujarati,News,,https://bollywood.divyabhaskar.co.in/news/ENT-GOS-IFTM-sonam-kapoor-says-akshay-kumar-has-fear-of-this-gujarati-news-5793666-PHO.html,206 kb,Image,https://drive.google.com/open?id=1ihO4h0Fzmig5ZqnUnea0cNoU2atgsb0D
Gujarati-Image-009,Gujarati,News,,https://www.divyabhaskar.co.in/,232 kb,Image,https://drive.google.com/open?id=15Th3Lcwt0fMnzW-VkVreT1CaAH8l2F4N
Gujarati-Image-010,Gujarati,News,,http://sandesh.com/rajasthan-west-bengal-election-bypoll/,209 kb,Image,https://drive.google.com/open?id=1siGGo5POqTy0zlTgHMCaj7HGJQYqBdIZ
Hindi-Image-006,Hindi,General,,Wikipedia,211 kb,Image,https://drive.google.com/open?id=1UIww4QvB0z6Spdvc4eNQy1scir0gDI2Q
Hindi-Image-007,Hindi,General,,Wikipedia,177 kb,Image,https://drive.google.com/open?id=1j9XsxndhOjfHULBfuXsFI1rTT2nPdu_S
Hindi-Image-008,Hindi,General,,Wikipedia,316 kb,Image,https://drive.google.com/open?id=1KYHR14kbh1VNScmY355lYym9OHJSQh9g
Hindi-Image-009,Hindi,General,,Wikipedia,275 kb,Image,https://drive.google.com/open?id=1VOiy2q9KIv768CiuHIBiUlNxIzUP3w6M
Hindi-Image-010,Hindi,General,,Wikipedia,318 kb,Image,https://drive.google.com/open?id=1JAzj1xYhxRWQIw7RmkQXr592T5WPIYsg
Kannada-Image-006,Kannada,News,,https://vijaykarnataka.indiatimes.com/news/india/congress-sweeps-rajasthan-big-win-for-tmc-in-west-bengal/articleshow/62743572.cms,210 kb,Image,https://drive.google.com/open?id=1e--z0eQaMsP6KgPdpwZf9RH57WMrr0Yg
Kannada-Image-007,Kannada,News,,https://vijaykarnataka.indiatimes.com/pollslist/11181707.cms,119 kb,Image,https://drive.google.com/open?id=1jVWTceNPaIglxwr1KDySONoSZlQ4S364
Kannada-Image-008,Kannada,News,,http://m.prajavani.net/article/,209 kb,Image,https://drive.google.com/open?id=1uIjmG6_S_ItQ3Gg7QFGCL0--VkvQWRMs
Kannada-Image-009,Kannada,News,,http://m.prajavani.net/article/2018_02_02/551282,149 kb,Image,https://drive.google.com/open?id=1oxjM99s8ulKsxeIw0nHE3VPseTNp9aF2
Kannada-Image-010,Kannada,News,,http://www.kannadaprabha.com/,251 kb,Image,https://drive.google.com/open?id=1hyt8t_JNDxNo1RxWxxcwcJvc7xcaWT4Y
Kannada-Audio-001,Kannada,Speech,,https://youtu.be/YwdvB4_wLRw,470 kb,Audio,https://drive.google.com/open?id=1mlGLXL9rNE77HDaP9OzTqBj2eIrFXHa8
Kannada-Audio-002,Kannada,Speech,,https://youtu.be/YwdvB4_wLRw,470 kb,Audio,https://drive.google.com/open?id=1SfpYvEG9bpUKm1uPSIZo6mVNlH11528-
Kannada-Audio-003,Kannada,Speech,,https://youtu.be/YwdvB4_wLRw,470 kb,Audio,https://drive.google.com/open?id=1OAEdJUbmvQcm9WwORgpkvbbdf1gvnw2-
Kannada-Audio-004,Kannada,Speech,,https://youtu.be/YwdvB4_wLRw,470 kb,Audio,https://drive.google.com/open?id=1y0pI6pBgJ8sLFjdxal_5J5CGxd0vOvB4
Kannada-Audio-005,Kannada,Speech,,https://youtu.be/YwdvB4_wLRw,470 kb,Audio,https://drive.google.com/open?id=1SXS0VErLd5UETCUIQefI6vFKghiyPNt4
Kannada-Audio-006,Kannada,News,,DD Kannada,470 kb,Audio,https://drive.google.com/open?id=1MP2C8iNpKc1JAAA7RyQIi4ua6EOOAeTG
Kannada-Audio-007,Kannada,News,,DD Kannada,470 kb,Audio,https://drive.google.com/open?id=1v4vYjcC5w5ItRVFYTOqFptAueezg3-9L
Kannada-Audio-008,Kannada,News,,DD Kannada,470 kb,Audio,https://drive.google.com/open?id=1Fl-_IVg5gzY88lMwtb51cUsumJPqmhGo
Kannada-Audio-009,Kannada,News,,DD Kannada,470 kb,Audio,https://drive.google.com/open?id=1PMSBc1nuordDrzvVM8XpqYtLtt7QN0L0
Kannada-Audio-010,Kannada,News,,DD Kannada,470 kb,Audio,https://drive.google.com/open?id=1q1FUQPtUlvHoNnkT-ez3OAm_POh1sDkm
Marathi-Audio-006,Marathi,Dialogue,Colloquial,https://youtu.be/Y2yZ9alVcpE,470 kb,Audio,https://drive.google.com/open?id=16euwPlo8DHEIObYKUPFuq0cmUQN-1Ebv
Marathi-Audio-007,Marathi,Dialogue,Colloquial,https://youtu.be/Y2yZ9alVcpE,470 kb,Audio,https://drive.google.com/open?id=1khUXQAMNPcZTX6UC0ZP60B2Tz85omfeN
Marathi-Audio-008,Marathi,News,Formal,DD Marathi,470 kb,Audio,https://drive.google.com/open?id=1hnR3S9oaVjSxacKMlz-hR2WxCHmiZxvp
Marathi-Audio-009,Marathi,News,Formal,DD Marathi,470 kb,Audio,https://drive.google.com/open?id=1tfWkOh0rTvz8sUPGSlCZKa-4LGdAR0rO
Marathi-Audio-010,Marathi,News,Formal,DD Marathi,470 kb,Audio,https://drive.google.com/open?id=1Pq-HxJKn2DbS59Rr9DsLKcaJWx0a1qsU
Marathi-Image-006,Marathi,News,,http://www.lokmat.com/national/girl-was-allegedly-raped-bollywood-actress-during-train-trip-and-accused-arrested/,265 kb,Image,https://drive.google.com/open?id=1YLr3Ninea9iZbl4v_qQ9XXnFdT0iMzxk
Marathi-Image-007,Marathi,News,,http://www.lokmat.com/akola/two-wheeler-accident-patur-wadegaon-road-two-people-killed/,245 kb,Image,https://drive.google.com/open?id=1ZOZNciFGMGEIvMS8DBT0Q1UvQg6_XtCJ
Marathi-Image-008,Marathi,News,,http://www.lokmat.com/badminton/india-open-badminton-sindhu-saina-and-sameer-quarter-finals/,215 kb,Image,https://drive.google.com/open?id=1ik8D8MKATj3FC8dr10Ecc-XEinu9AjaT
Marathi-Image-009,Marathi,News,,http://www.lokmat.com/,242 kb,Image,https://drive.google.com/open?id=16SBD47-SqPwFZY8mCFRZ7BRSbQoJUpsu
Marathi-Image-010,Marathi,News,,http://www.lokmat.com/,248 kb,Image,https://drive.google.com/open?id=1cOGoCKyGlhjjv8n_SDJlrv6AJCdU8IrU
Odia-Audio-001,Odia,News,,DD Odia,470 kb,Audio,https://drive.google.com/open?id=12KLu2Gakvpzm7Jf4UbEaPfe1OHdQoXSW
Odia-Audio-002,Odia,News,,DD Odia,408 kb,Audio,https://drive.google.com/open?id=1iJNNXls6YKhV2SsulbFZOzQpUIdYCTmo
Odia-Audio-003,Odia,News,,DD Odia,470 kb,Audio,https://drive.google.com/open?id=1dKqHPHUzGIv7srbb9m0-S5CjbCILQ75P
Odia-Audio-004,Odia,News,,DD Odia,470 kb,Audio,https://drive.google.com/open?id=1tzXoKSzexG6FSVCUt_3vg8gw3c0ZUOOS
Odia-Audio-005,Odia,Speech (Kid),,https://youtu.be/iqNpNIK0ph0,470 kb,Audio,https://drive.google.com/open?id=1XLG8VAG0tKZ5cuGOTEg98XVn3uv0GYVJ
Odia-Audio-006,Odia,Speech (Kid),,https://youtu.be/iqNpNIK0ph0,470 kb,Audio,https://drive.google.com/open?id=15ceCZo6PB0XOzt8hlDtKpI5rD7bGyJrp
Odia-Audio-007,Odia,Speech (Kid),,https://youtu.be/iqNpNIK0ph0,470 kb,Audio,https://drive.google.com/open?id=1N85qa7baXBDugpo1oKddwkaB7M5_WtXv
Odia-Audio-008,Odia,Speech (Kid),,https://youtu.be/iqNpNIK0ph0,470 kb,Audio,https://drive.google.com/open?id=17h96GSIv1C7vWJBno7N9B2xtnPbtR87E
Odia-Audio-009,Odia,Speech (Kid),,https://youtu.be/D4dx9e8Lj_o,470 kb,Audio,https://drive.google.com/open?id=1Q6sh_bqwx1L-Y945lYGVjOj-fJYckbkK
Odia-Audio-010,Odia,Speech (Kid),,https://youtu.be/D4dx9e8Lj_o,470 kb,Audio,https://drive.google.com/open?id=1z3E51N_qvYIIpS5pRIbBHAbdncWHnsV9
Punjabi-Audio-001,Punjabi,Discussion,Formal,DD Punjabi,470 kb,Audio,https://drive.google.com/open?id=1EF3h-R3Gfl44MgHZClEA2n6bJSFrSDJB
Punjabi-Audio-002,Punjabi,Discussion,Formal,DD Punjabi,470 kb,Audio,https://drive.google.com/open?id=1R0I9UNL3q0X8CQb3VERtvGgOSac_zxye
Punjabi-Audio-003,Punjabi,Discussion,Formal,DD Punjabi,470 kb,Audio,https://drive.google.com/open?id=1qazNc6-cWCAiYOODiaXB0J9INJqZFTsh
Punjabi-Audio-004,Punjabi,Discussion,Formal,DD Punjabi,470 kb,Audio,https://drive.google.com/open?id=1El25whgHfkteVMj2TIIb8IoyDdjSePgm
Punjabi-Audio-005,Punjabi,Discussion,Formal,DD Punjabi,470 kb,Audio,https://drive.google.com/open?id=1yE-t-NgmczWQq2bKdipk5H27WniuW-ps
Punjabi-Audio-006,Punjabi,Discussion,Formal,DD Punjabi,470 kb,Audio,https://drive.google.com/open?id=14onmPvGkoPVB5jd61ticLOXW17aNPE_u
Punjabi-Audio-007,Punjabi,Motivational speech,Formal,https://youtu.be/6_k5ctlAdeI,470 kb,Audio,https://drive.google.com/open?id=1xZ04xxB05zWwq4b9yNJeok62k2loZmTr
Punjabi-Audio-008,Punjabi,Motivational speech,Formal,https://youtu.be/6_k5ctlAdeI,470 kb,Audio,https://drive.google.com/open?id=1HSd9Gc_WaapygxN838gUBxP_2pPuOc6d
Punjabi-Audio-009,Punjabi,Motivational speech,Formal,https://youtu.be/6_k5ctlAdeI,470 kb,Audio,https://drive.google.com/open?id=1KDlLGSru-E5k5x9o6cIJS6tDx9V5NsRT
Punjabi-Audio-010,Punjabi,Motivational speech,Formal,https://youtu.be/6_k5ctlAdeI,470 kb,Audio,https://drive.google.com/open?id=127L8Elh23dMZSa9AgSwVbrkD1-459TS8
Telugu-Audio-001,Telugu,Discussion,Formal,DD Telugu,470 kb,Audio,https://drive.google.com/open?id=1BrZXb7FrBpx7Owx9IUAEonuybM3g1r7H
Telugu-Audio-002,Telugu,Speech,Formal,DD Telugu,470 kb,Audio,https://drive.google.com/open?id=16C8o-T9sbxycwFa8zxlPrMu0Xut_leIo
Telugu-Audio-003,Telugu,Discussion,Formal,DD Telugu,314 kb,Audio,https://drive.google.com/open?id=1dXNtOTxIUCXn3vNllxcmtjuQ9SWIIhoV
Telugu-Audio-004,Telugu,Discussion,Formal,DD Telugu,470 kb,Audio,https://drive.google.com/open?id=1UTI7QfsNfDcC6gWL5WKK6xguT8cBRot3
Telugu-Audio-005,Telugu,Discussion,Formal,DD Telugu,470 kb,Audio,https://drive.google.com/open?id=1bni0UWQCfVrSQUEFcvyXEXslh0qHNz8u
Telugu-Audio-006,Telugu,Interview preparation,Formal,https://youtu.be/I1E20UpDRug,470 kb,Audio,https://drive.google.com/open?id=1oLGH8K5cFhmT7mQ7xIefysgL1-A5o9p1
Telugu-Audio-007,Telugu,Interview preparation,Formal,https://youtu.be/I1E20UpDRug,470 kb,Audio,https://drive.google.com/open?id=1aDQVgs-eLWvDTUtGES0Osu69GmMXOn2d
Telugu-Audio-008,Telugu,Interview preparation,Formal,https://youtu.be/I1E20UpDRug,470 kb,Audio,https://drive.google.com/open?id=17V0pAHN9a2Rsp3eX_pStw9rIg5Q5D0k1
Telugu-Audio-009,Telugu,Interview preparation,Formal,https://youtu.be/I1E20UpDRug,470 kb,Audio,https://drive.google.com/open?id=1gEASU6P6O6f3l3PtOucOjbWFXz5LkoJ6
Telugu-Audio-010,Telugu,Interview preparation,Formal,https://youtu.be/I1E20UpDRug,470 kb,Audio,https://drive.google.com/open?id=14YDJLgXq2mvhQuPG_YnncjzszrWttz45
Urdu-Audio-001,Urdu,Speech BBC Urdu,Formal,https://youtu.be/92D8tfVyqHo,470 kb,Audio,https://drive.google.com/open?id=1foIpktQ-Y4MemC0r-ndrrQpkgp2EJErj
Urdu-Audio-002,Urdu,Speech BBC Urdu,Formal,https://youtu.be/92D8tfVyqHo,470 kb,Audio,https://drive.google.com/open?id=1GH7rv1WDAj8Q2Qzc2GJGtJtzhVMLSSwa
Urdu-Audio-003,Urdu,Speech BBC Urdu,Formal,https://youtu.be/92D8tfVyqHo,470 kb,Audio,https://drive.google.com/open?id=1KF_aVEnjohYzAWr6YYlfXwpcwcgYHjeZ
Urdu-Audio-004,Urdu,Speech BBC Urdu,Formal,https://youtu.be/92D8tfVyqHo,470 kb,Audio,https://drive.google.com/open?id=1nrgm9dqBpNQauNSce9XURwyktoEOFxzq
Urdu-Audio-005,Urdu,Speech BBC Urdu,Formal,https://youtu.be/92D8tfVyqHo,470 kb,Audio,https://drive.google.com/open?id=1CXNJN03HclJIQV1Vwa4Q0sZdrlfShLTw
Urdu-Audio-006,Urdu,Interview BBC Urdu,Formal,https://youtu.be/_b_RCQH1s6U,470 kb,Audio,https://drive.google.com/open?id=1JppTOFAF4FJcbM-gR6v9Se28FHIDb1X6
Urdu-Audio-007,Urdu,Interview BBC Urdu,Formal,https://youtu.be/_b_RCQH1s6U,470 kb,Audio,https://drive.google.com/open?id=1hu9pEbV2HL-AYcakbfncxp2LdDXru2hJ
Urdu-Audio-008,Urdu,Interview BBC Urdu,Formal,https://youtu.be/_b_RCQH1s6U,470 kb,Audio,https://drive.google.com/open?id=1OhwtD1rMbEGdUaJsdm2Zf_XUzBdo2_UW
Urdu-Audio-009,Urdu,Interview BBC Urdu,Formal,https://youtu.be/_b_RCQH1s6U,470 kb,Audio,https://drive.google.com/open?id=1IONEo4VK1XNEfhWHGXHzkq-8mXEpiyza
Urdu-Audio-010,Urdu,Interview BBC Urdu,Formal,https://youtu.be/_b_RCQH1s6U,470 kb,Audio,https://drive.google.com/open?id=1ZZW5tL3bwaoXkNG1y5UclgrGOO8p_8p8
Urdu-Image-006,Urdu,News BBC,,http://www.bbc.com/urdu/world-42928775,157 kb,Image,https://drive.google.com/open?id=1OeyPvsMM6qjvkX1RvLMk2CcKe_u7b3KT
Urdu-Image-007,Urdu,News BBC,,http://www.bbc.com/urdu/sport,147 kb,Image,https://drive.google.com/open?id=1in8ED6gr9dv3kaIDUgg1DozJ7nql1BN2
Urdu-Image-008,Urdu,News BBC,,http://www.bbc.com/urdu/sport-42900994,175 kb,Image,https://drive.google.com/open?id=1rJCQ84u0Py-x5vTgsJwlBoiRbdDZENaI
Urdu-Image-009,Urdu,News BBC,,http://www.bbc.com/urdu/science-42914121,161 kb,Image,https://drive.google.com/open?id=1VUImWaLRKAjVlUf4K-_tfO58A8aEdvab
Urdu-Image-010,Urdu,News BBC,,http://www.bbc.com/urdu/regional-42899514,141 kb,Image,https://drive.google.com/open?id=1ZdDufv7PZCZex8hPK4ANKUbCVZT4YLom
Telugu-Image-006,Telugu,News,,http://www.eenadu.net/,171 kb,Image,https://drive.google.com/open?id=1Hmxd9ZfdAhY5hJ1y0PMLK8Xrp6J5aRxA
Telugu-Image-007,Telugu,News,,http://www.eenadu.net/telangana-news-inner.aspx?category=home&item=break65,205 kb,Image,https://drive.google.com/open?id=1wtIrlZhprE9OOy8Jrm4X-fwhKbzdLpxF
Telugu-Image-008,Telugu,News,,http://www.eenadu.net/homeinner.aspx?category=cinema&item=break9,171 kb,Image,https://drive.google.com/open?id=1AM2JLrzMnugVIi87x7FHgQrbkboQRoER
Telugu-Image-009,Telugu,News,,http://www.eenadu.net/business/business-news.aspx?item=business-news&no=1,218 kb,Image,https://drive.google.com/open?id=1M9R4JulnLMWLt94jv_cxsRF1KBmsQApC
Telugu-Image-010,Telugu,News,,http://www.eenadu.net/movies/latest-movie-news.aspx?item=tollywood&no=8,197 kb,Image,https://drive.google.com/open?id=1Fq9eS5OxweeaSa1O9YksgN-5NsHnFknE
Telugu-Audio-011,Telugu,TV Program,Formal,DD Telugu,580 kb,Audio,https://drive.google.com/open?id=1MGowL5jHkeL7wcpM97h8wW4egO9GDnm1
Telugu-Audio-012,Telugu,TV Program,Formal,DD Telugu,547 kb,Audio,https://drive.google.com/open?id=1ubQU1v3CvX4D54uzk7ZWlz20d677Dphf
Telugu-Audio-013,Telugu,TV Program,Formal,DD Telugu,589 kb,Audio,https://drive.google.com/open?id=1NHT_6mmX7z3lM6EEr3jUXL8f8M_xLbrl
Telugu-Audio-014,Telugu,TV Program,Formal,DD Telugu,605 kb,Audio,https://drive.google.com/open?id=14lFeznLA298rXZ3oOvHsc3kiPQ6EAPnI
Telugu-Audio-0115,Telugu,TV Program,Formal,DD Telugu,661 kb,Audio,https://drive.google.com/open?id=13pyA6uzPKBjxt3mYclwn0rHXPvouxUBC
Malayalam-Handwritten,Malayalam,Handwritten,,Nandakumar Gopalan,387 kb,Image,https://drive.google.com/open?id=1jaK65FqXhGtnYkkEYmANdcqRl5fvc2XF
Tamil-Handwritten,Tamil,Handwritten,,Nandakumar Gopalan,321 kb,Image,https://drive.google.com/open?id=155FL8HZ32MRaqHBUEribdvnqsDHwJkPr